snr,period,t0,u1,u2,r,b
0.0005,12.990870765474915,1.2639152263165696,0.23165819056993817,0.5341300469249067,0.0959795638467,0.09052180484602812
